mode,trial,ms,embedding_calls,results
no_caches,0,13.005799963138998,1,1
no_caches,1,3.387100005056709,1,1
no_caches,2,2.654000010807067,1,1
no_caches,3,2.3313999990932643,1,1
no_caches,4,2.3604999878443778,1,1
no_caches,5,3.998400003183633,1,1
no_caches,6,2.5687000015750527,1,1
no_caches,7,2.63440003618598,1,1
no_caches,8,2.637099998537451,1,1
no_caches,9,2.3507000296376646,1,1
no_caches,10,2.1169999963603914,1,1
no_caches,11,4.1467000264674425,1,1
no_caches,12,2.681499987374991,1,1
no_caches,13,2.3157999967224896,1,1
no_caches,14,2.4901999859139323,1,1
no_caches,15,2.3333000135608017,1,1
no_caches,16,2.308800001628697,1,1
no_caches,17,4.056699981447309,1,1
no_caches,18,2.281100023537874,1,1
no_caches,19,2.0326999947428703,1,1
no_caches,20,2.4625000078231096,1,1
no_caches,21,2.133700007107109,1,1
no_caches,22,2.0682999747805297,1,1
no_caches,23,2.530300000216812,1,1
no_caches,24,5.047999962698668,1,1
no_caches,25,2.197100024204701,1,1
no_caches,26,2.6085000135935843,1,1
no_caches,27,2.1055000252090394,1,1
no_caches,28,1.9883000059053302,1,1
no_caches,29,2.071399998385459,1,1
query_vector_only,0,3.8671999936923385,1,1
query_vector_only,1,3.217599994968623,0,1
query_vector_only,2,2.6225000037811697,0,1
query_vector_only,3,2.704799990169704,0,1
query_vector_only,4,2.574099984485656,0,1
query_vector_only,5,2.7663999935612082,0,1
query_vector_only,6,3.698499989695847,0,1
query_vector_only,7,2.963000035379082,0,1
query_vector_only,8,3.005000005941838,0,1
query_vector_only,9,2.671100024599582,0,1
query_vector_only,10,2.727899991441518,0,1
query_vector_only,11,4.558599961455911,0,1
query_vector_only,12,3.2765999785624444,0,1
query_vector_only,13,4.171200038399547,0,1
query_vector_only,14,3.3306999830529094,0,1
query_vector_only,15,4.374800017103553,0,1
query_vector_only,16,3.907600010279566,0,1
query_vector_only,17,3.4481000038795173,0,1
query_vector_only,18,2.6383999502286315,0,1
query_vector_only,19,2.7560999733395875,0,1
query_vector_only,20,4.455699992831796,0,1
query_vector_only,21,3.055299981497228,0,1
query_vector_only,22,3.3971999655477703,0,1
query_vector_only,23,2.9774000286124647,0,1
query_vector_only,24,2.605699992273003,0,1
query_vector_only,25,4.63889999082312,0,1
query_vector_only,26,3.6891999770887196,0,1
query_vector_only,27,3.2723999465815723,0,1
query_vector_only,28,2.8692999621853232,0,1
query_vector_only,29,2.8015999705530703,0,1
both_caches,0,4.2700000340119,1,1
both_caches,1,0.028500042390078306,0,1
both_caches,2,0.011800031643360853,0,1
both_caches,3,0.007800001185387373,0,1
both_caches,4,0.007099995855242014,0,1
both_caches,5,0.006799993570894003,0,1
both_caches,6,0.006399990525096655,0,1
both_caches,7,0.00689999433234334,0,1
both_caches,8,0.006299989763647318,0,1
both_caches,9,0.006399990525096655,0,1
both_caches,10,0.006099988240748644,0,1
both_caches,11,0.006900052540004253,0,1
both_caches,12,0.006499991286545992,0,1
both_caches,13,0.006499991286545992,0,1
both_caches,14,0.006299989763647318,0,1
both_caches,15,0.006399990525096655,0,1
both_caches,16,0.006199989002197981,0,1
both_caches,17,0.006399990525096655,0,1
both_caches,18,0.006099988240748644,0,1
both_caches,19,0.006299989763647318,0,1
both_caches,20,0.006100046448409557,0,1
both_caches,21,0.006299989763647318,0,1
both_caches,22,0.006099988240748644,0,1
both_caches,23,0.006199989002197981,0,1
both_caches,24,0.006499991286545992,0,1
both_caches,25,0.006299989763647318,0,1
both_caches,26,0.006500049494206905,0,1
both_caches,27,0.006400048732757568,0,1
both_caches,28,0.007700000423938036,0,1
both_caches,29,0.006599992047995329,0,1
